{
	"parent": "item/handheld",
	"textures": {
		"layer0": "item/netherite_pickaxe"
	},
	
	"overrides": [
		{
			"predicate": {
			  "custom_model_data": 3
			},
			"model": "item/custom/average_weapons/anniversary_pickaxe"
		},
		{
			"predicate": {
			  "custom_model_data": 1000003
			},
			"model": "item/custom/average_weapons/anniversary_pickaxe"
		},
                {
			"predicate": {
			  "custom_model_data": 10003
			},
			"model": "item/custom/average_weapons/anniversary_pickaxe"
		}
	]
}